ID,RelapseFreeSurvival (outcome)
TRG002728,41.02355367098528
TRG002649,63.08936918732418
TRG002628,37.374218563906595
TRG002174,115.6663459130467
TRG002178,87.23766591088933
TRG002204,113.98076841738073
TRG002206,48.360894202857054
TRG002210,91.21323185910028
TRG002225,48.69667854120418
TRG002228,49.37826741807653
TRG002234,40.703756421907386
TRG002237,81.79712654467447
TRG002241,19.582974922458934
TRG002244,54.677037117170435
TRG002245,33.577190773727374
