ID,RelapseFreeSurvival (outcome)
TRG002728,39.859155725916814
TRG002649,46.32703611541705
TRG002628,59.51521992206311
TRG002174,72.11641204614133
TRG002178,108.12698597090511
TRG002204,73.92386820619757
TRG002206,6.414905497759923
TRG002210,87.80571094674659
TRG002225,39.62901620589142
TRG002228,32.055628732495926
TRG002234,39.75713329991809
TRG002237,79.48498109511985
TRG002241,56.493230521620056
TRG002244,120.28151056737758
TRG002245,67.94401592680885
